probe_id,subject_id,session_id,run_id,block_id,block_order,sequence_order,video_id,condition_label,condition_type,probe_attention,probe_response,probe_response_label,probe_confidence,probe_onset_sample,probe_onset_timestamp,probe_onset_video_time_sec,epoch_duration_sec,start_sample,end_sample,start_timestamp,end_timestamp,sample_count,status,reject_reason,window_count
Block 1_1_07ae8716,sub-007,ses-001,8b6ce1f9-62a7-4d97-823b-839e8a8c7711,1,1,G07,V4,A,focused,ON,1,课程内容,3,51065,1789890781.1143374,46.22,10.0,48565,51064,1789890771.0983374,1789890781.0983374,2500,valid,,4
Block 1_2_07ae8716,sub-007,ses-001,8b6ce1f9-62a7-4d97-823b-839e8a8c7711,1,1,G07,V4,A,focused,ON,1,课程内容,3,67195,1789890883.1293375,101.1,10.0,64695,67194,,,2500,rejected,incomplete_eeg,0
Block 1_3_07ae8716,sub-007,ses-001,8b6ce1f9-62a7-4d97-823b-839e8a8c7711,1,1,G07,V4,A,focused,ON,1,课程内容,3,98960,1789891050.5673375,213.981,10.0,96460,98959,1789891040.5513377,1789891050.5513377,2500,valid,,4
Block 1_4_07ae8716,sub-007,ses-001,8b6ce1f9-62a7-4d97-823b-839e8a8c7711,1,1,G07,V4,A,focused,ON,1,课程内容,3,117523,1789891124.9113376,283.896,10.0,115023,117522,1789891114.8013377,1789891124.8953376,2500,valid,,4
Block 2_1_015fbc21,sub-007,ses-001,8b6ce1f9-62a7-4d97-823b-839e8a8c7711,2,2,G07,V5,B,bbbd_subtraction,OFF,2,连续减7心算任务,3,167948,1789891345.8643374,74.289,10.0,165448,167947,1789891335.8483374,1789891345.8323376,2500,valid,,4
Block 2_2_015fbc21,sub-007,ses-001,8b6ce1f9-62a7-4d97-823b-839e8a8c7711,2,2,G07,V5,B,bbbd_subtraction,OFF,2,连续减7心算任务,3,184662,1789891412.9733374,137.313,10.0,182162,184661,,,2500,rejected,incomplete_eeg,0
Block 2_3_015fbc21,sub-007,ses-001,8b6ce1f9-62a7-4d97-823b-839e8a8c7711,2,2,G07,V5,B,bbbd_subtraction,OFF,2,连续减7心算任务,3,197896,1789891465.6453376,185.981,10.0,195396,197895,1789891455.6293375,1789891465.6293375,2500,valid,,4
Block 2_4_015fbc21,sub-007,ses-001,8b6ce1f9-62a7-4d97-823b-839e8a8c7711,2,2,G07,V5,B,bbbd_subtraction,OFF,2,连续减7心算任务,3,226131,1789891578.5823376,295.118,10.0,223631,226130,1789891568.5363376,1789891578.5823376,2500,valid,,4
Block 3_1_653adb72,sub-007,ses-001,8b6ce1f9-62a7-4d97-823b-839e8a8c7711,3,3,G07,V6,A,focused,ON,1,课程内容,3,295374,1789891899.8013375,66.167,10.0,292874,295373,1789891889.8323376,1789891899.8013377,2500,valid,,4
Block 3_2_653adb72,sub-007,ses-001,8b6ce1f9-62a7-4d97-823b-839e8a8c7711,3,3,G07,V6,A,focused,ON,1,课程内容,3,313273,1789891979.7863376,132.804,10.0,310773,313272,1789891969.8013377,1789891979.7703376,2500,valid,,4
Block 3_3_653adb72,sub-007,ses-001,8b6ce1f9-62a7-4d97-823b-839e8a8c7711,3,3,G07,V6,A,focused,ON,1,课程内容,4,330257,1789892079.0043375,196.049,10.0,327757,330256,,,2500,rejected,incomplete_eeg,0
Block 3_4_653adb72,sub-007,ses-001,8b6ce1f9-62a7-4d97-823b-839e8a8c7711,3,3,G07,V6,A,focused,ON,1,课程内容,3,344016,1789892134.0363376,247.629,10.0,341516,344015,1789892124.0363376,1789892134.0203376,2500,valid,,4
Block 4_1_1f3607bd,sub-007,ses-001,8b6ce1f9-62a7-4d97-823b-839e8a8c7711,4,4,G07,V1,B,bbbd_subtraction,OFF,2,连续减7心算任务,4,389455,1789892369.8323376,46.483,10.0,386955,389454,1789892359.8013377,1789892369.8173375,2500,valid,,4
Block 4_2_1f3607bd,sub-007,ses-001,8b6ce1f9-62a7-4d97-823b-839e8a8c7711,4,4,G07,V1,B,bbbd_subtraction,OFF,2,连续减7心算任务,4,422964,1789892515.7073376,176.411,10.0,420464,422963,1789892505.7233374,1789892515.6923375,2500,valid,,4
Block 4_3_1f3607bd,sub-007,ses-001,8b6ce1f9-62a7-4d97-823b-839e8a8c7711,4,4,G07,V1,B,bbbd_subtraction,OFF,2,连续减7心算任务,3,441509,1789892595.2073376,243.617,10.0,439009,441508,1789892585.3483374,1789892595.2073376,2500,valid,,4
Block 4_4_1f3607bd,sub-007,ses-001,8b6ce1f9-62a7-4d97-823b-839e8a8c7711,4,4,G07,V1,B,bbbd_subtraction,OFF,2,连续减7心算任务,3,460874,1789892673.7073376,314.389,10.0,458374,460873,1789892663.6923375,1789892673.6763377,2500,valid,,4
Block 5_1_d87649f9,sub-007,ses-001,8b6ce1f9-62a7-4d97-823b-839e8a8c7711,5,5,G07,V2,A,focused,ON,1,课程内容,4,507230,1789892875.4733374,80.746,10.0,504730,507229,1789892865.5363376,1789892875.4573376,2500,valid,,4
Block 5_2_d87649f9,sub-007,ses-001,8b6ce1f9-62a7-4d97-823b-839e8a8c7711,5,5,G07,V2,A,focused,OFF,3,其他与课程无关的事情,2,531355,1789892971.9733374,173.382,10.0,528855,531354,1789892961.9733374,1789892971.9573376,2500,valid,,4
Block 5_3_d87649f9,sub-007,ses-001,8b6ce1f9-62a7-4d97-823b-839e8a8c7711,5,5,G07,V2,A,focused,ON,1,课程内容,3,545364,1789893028.0043375,223.616,10.0,542864,545363,1789893018.0043375,1789893027.9893374,2500,valid,,4
Block 5_4_d87649f9,sub-007,ses-001,8b6ce1f9-62a7-4d97-823b-839e8a8c7711,5,5,G07,V2,A,focused,ON,1,课程内容,3,558424,1789893080.2543375,272.031,10.0,555924,558423,1789893070.2233374,1789893080.2393374,2500,valid,,4
Block 6_1_910f4535,sub-007,ses-001,8b6ce1f9-62a7-4d97-823b-839e8a8c7711,6,6,G07,V3,B,bbbd_subtraction,OFF,2,连续减7心算任务,3,607966,1789893320.4893374,97.839,10.0,605466,607965,1789893310.5363376,1789893320.4733374,2500,valid,,4
Block 6_2_910f4535,sub-007,ses-001,8b6ce1f9-62a7-4d97-823b-839e8a8c7711,6,6,G07,V3,B,bbbd_subtraction,OFF,2,连续减7心算任务,3,,1789893441.9893374,153.02,10.0,,,,,,rejected,probe_onset_not_aligned,0
Block 6_3_910f4535,sub-007,ses-001,8b6ce1f9-62a7-4d97-823b-839e8a8c7711,6,6,G07,V3,B,bbbd_subtraction,OFF,2,连续减7心算任务,3,637735,1789893548.7233374,217.051,10.0,635235,637734,1789893538.7073376,1789893548.7073376,2500,valid,,4
Block 6_4_910f4535,sub-007,ses-001,8b6ce1f9-62a7-4d97-823b-839e8a8c7711,6,6,G07,V3,B,bbbd_subtraction,OFF,3,其他与课程无关的事情,3,653546,1789893612.0203376,276.875,10.0,651046,653545,1789893601.9573376,1789893611.9423375,2500,valid,,4
