probe_id,subject_id,session_id,run_id,counterbalance_group,block_id,block_order,video_id,condition_label,probe_index,probe_planned_time_sec,probe_attention,probe_response,probe_response_label,probe_confidence,onset_timestamp,onset_sample,onset_video_time_sec,attention_response_timestamp,attention_response_time_ms,confidence_response_timestamp,confidence_response_time_ms,resume_timestamp,resume_sample,complete
Block 1_1_a31e712b,sub-008,ses-001,4f31ef37-4b28-414b-891c-fd15b33e84f7,G08,1,1,V4,B,1,90.472,OFF,3,其他与课程无关的事情,2,1790001275.1233928,51183,90.641,1790001280.076393,4936,1790001286.1233928,6047,1790001286.154393,53938,1
Block 1_2_a31e712b,sub-008,ses-001,4f31ef37-4b28-414b-891c-fd15b33e84f7,G08,1,1,V4,B,2,143.119,AMBIGUOUS,4,放空/不确定刚才在想什么,4,1790001338.7953928,67102,143.355,1790001345.404393,6597,1790001348.201393,2801,1790001348.2323928,69458,1
Block 1_3_a31e712b,sub-008,ses-001,4f31ef37-4b28-414b-891c-fd15b33e84f7,G08,1,1,V4,B,3,197.771,OFF,3,其他与课程无关的事情,2,1790001402.7643929,83097,197.931,1790001406.029393,3247,1790001407.529393,1499,1790001407.5603929,84292,1
Block 1_4_a31e712b,sub-008,ses-001,4f31ef37-4b28-414b-891c-fd15b33e84f7,G08,1,1,V4,B,4,271.709,ON,1,课程内容,3,1790001481.451393,102771,271.883,1790001483.4983928,2043,1790001484.951393,1451,1790001484.9823928,103642,1
Block 2_1_3918474b,sub-008,ses-001,4f31ef37-4b28-414b-891c-fd15b33e84f7,G08,2,2,V5,A,1,126.004,ON,1,课程内容,3,1790001886.7323928,204089,126.082,1790001890.6233928,3880,1790001893.279393,2657,1790001893.3103929,205729,1
Block 2_2_3918474b,sub-008,ses-001,4f31ef37-4b28-414b-891c-fd15b33e84f7,G08,2,2,V5,A,2,188.395,OFF,3,其他与课程无关的事情,4,1790001955.7483928,221340,188.553,1790001960.2323928,4479,1790001971.1233928,10887,1790001971.154393,225189,1
Block 2_3_3918474b,sub-008,ses-001,4f31ef37-4b28-414b-891c-fd15b33e84f7,G08,2,2,V5,A,3,238.761,ON,1,课程内容,4,1790002022.1393929,237939,238.842,1790002024.092393,1938,1790002025.654393,1569,1790002025.701393,238823,1
Block 2_4_3918474b,sub-008,ses-001,4f31ef37-4b28-414b-891c-fd15b33e84f7,G08,2,2,V5,A,4,360.792,ON,1,课程内容,3,1790002147.717393,269338,360.892,1790002150.1073928,2364,1790002151.1703928,1071,1790002151.201393,270194,1
Block 3_1_eb2beee8,sub-008,ses-001,4f31ef37-4b28-414b-891c-fd15b33e84f7,G08,3,3,V6,B,1,81.293,ON,1,课程内容,4,1790002364.2483928,323466,81.504,1790002366.8893929,2624,1790002367.6853929,802,1790002367.7323928,324322,1
Block 3_2_eb2beee8,sub-008,ses-001,4f31ef37-4b28-414b-891c-fd15b33e84f7,G08,3,3,V6,B,2,156.409,OFF,3,其他与课程无关的事情,3,1790002442.6853929,343072,156.509,1790002445.0453928,2343,1790002446.201393,1165,1790002446.2483928,343952,1
Block 3_3_eb2beee8,sub-008,ses-001,4f31ef37-4b28-414b-891c-fd15b33e84f7,G08,3,3,V6,B,3,210.71,ON,1,课程内容,3,1790002500.467393,357517,210.779,1790002502.8103929,2317,1790002503.904393,1097,1790002503.9353929,358381,1
Block 3_4_eb2beee8,sub-008,ses-001,4f31ef37-4b28-414b-891c-fd15b33e84f7,G08,3,3,V6,B,4,287.847,ON,1,课程内容,4,1790002581.029393,377665,287.924,1790002583.2483928,2210,1790002584.2483928,1004,1790002584.2953928,378465,1
Block 4_1_f9861f9f,sub-008,ses-001,4f31ef37-4b28-414b-891c-fd15b33e84f7,G08,4,4,V1,A,1,75.733,ON,1,课程内容,3,1790002814.326393,435984,75.992,1790002816.0143929,1688,1790002816.826393,775,1790002816.8573928,436600,1
Block 4_2_f9861f9f,sub-008,ses-001,4f31ef37-4b28-414b-891c-fd15b33e84f7,G08,4,4,V1,A,2,155.77,AMBIGUOUS,4,放空/不确定刚才在想什么,3,1790002896.6393929,456559,155.818,1790002898.842393,2208,1790002899.6233928,748,1790002899.654393,457299,1
Block 4_3_f9861f9f,sub-008,ses-001,4f31ef37-4b28-414b-891c-fd15b33e84f7,G08,4,4,V1,A,3,205.826,ON,1,课程内容,4,1790002949.8573928,469853,206.059,1790002951.5453928,1679,1790002953.842393,2301,1790002953.8893929,470859,1
Block 4_4_f9861f9f,sub-008,ses-001,4f31ef37-4b28-414b-891c-fd15b33e84f7,G08,4,4,V1,A,4,306.639,ON,1,课程内容,4,1790003054.701393,496073,306.901,1790003057.779393,3073,1790003058.9823928,1201,1790003059.0143929,497147,1
Block 5_1_35d42daf,sub-008,ses-001,4f31ef37-4b28-414b-891c-fd15b33e84f7,G08,5,5,V2,B,1,60.329,OFF,2,连续减7心算任务,3,1790003241.8733928,542862,60.524,1790003243.7323928,1848,1790003245.0603929,1180,1790003245.201393,543602,1
Block 5_2_35d42daf,sub-008,ses-001,4f31ef37-4b28-414b-891c-fd15b33e84f7,G08,5,5,V2,B,2,119.06,ON,1,课程内容,3,1790003303.654393,558316,119.27,1790003305.8893929,2228,1790003306.5453928,649,1790003306.6073928,559037,1
Block 5_3_35d42daf,sub-008,ses-001,4f31ef37-4b28-414b-891c-fd15b33e84f7,G08,5,5,V2,B,3,179.501,OFF,3,其他与课程无关的事情,3,1790003366.8733928,574116,179.62,1790003369.404393,2503,1790003370.1703928,778,1790003370.2323928,574946,1
Block 5_4_35d42daf,sub-008,ses-001,4f31ef37-4b28-414b-891c-fd15b33e84f7,G08,5,5,V2,B,4,260.045,OFF,2,连续减7心算任务,4,1790003450.7323928,595086,260.208,1790003452.8733928,2136,1790003453.9203928,1032,1790003453.967393,595871,1
Block 6_1_9db77b60,sub-008,ses-001,4f31ef37-4b28-414b-891c-fd15b33e84f7,G08,6,6,V3,A,1,67.499,ON,1,课程内容,3,1790003650.951393,645139,67.752,1790003653.3103929,2325,1790003654.5603929,1270,1790003654.6073928,646040,1
Block 6_2_9db77b60,sub-008,ses-001,4f31ef37-4b28-414b-891c-fd15b33e84f7,G08,6,6,V3,A,2,124.682,AMBIGUOUS,4,放空/不确定刚才在想什么,3,1790003711.7483928,660324,124.936,1790003715.2953928,3530,1790003716.1853929,892,1790003716.2323928,661445,1
Block 6_3_9db77b60,sub-008,ses-001,4f31ef37-4b28-414b-891c-fd15b33e84f7,G08,6,6,V3,A,3,177.66,ON,1,课程内容,4,1790003769.1393929,674683,177.898,1790003770.8573928,1701,1790003772.1073928,1251,1790003772.1703928,675424,1
Block 6_4_9db77b60,sub-008,ses-001,4f31ef37-4b28-414b-891c-fd15b33e84f7,G08,6,6,V3,A,4,246.279,ON,1,课程内容,4,1790003840.5453928,692538,246.351,1790003842.904393,2348,1790003845.8573928,2965,1790003845.9203928,693869,1
